{"cameraMode":{"drawMode":0,"name":"Shaded","section":"Shading Mode"},"sceneLighting":true,"audioPlay":false,"sceneViewState":{"m_AlwaysRefresh":false,"showFog":true,"showSkybox":true,"showFlares":true,"showImageEffects":true,"showParticleSystems":true,"showVisualEffectGraphs":true,"m_FxEnabled":true},"in2DMode":false,"pivot":{"x":-16.195310592651368,"y":-12.064262390136719,"z":16.993797302246095},"rotation":{"x":-0.3299182653427124,"y":-0.022089853882789613,"z":0.007722869049757719,"w":-0.9437293410301209},"size":46.09048080444336,"orthographic":false}